{
  "strategic_only": {
    "mean": 0.9757772904515382,
    "std": 0.07365058489190009
  },
  "strategic_tactical": {
    "mean": 1.097846265152783,
    "std": 0.08441180448331286
  },
  "full_framework": {
    "mean": 1.1803909615404882,
    "std": 0.09256077190658649
  }
}