{
  "train_loss": [
    34463.54889608994,
    34463.519093118215,
    34463.52350361324,
    34463.460699783325,
    34463.500150414475,
    34463.46488570202
  ],
  "val_loss": [
    205538.69923218232,
    205540.900090667,
    205541.46722802392,
    205541.67669590452,
    205541.73700307994,
    205541.4793602745
  ],
  "best_val_loss": 205538.69923218232,
  "best_epoch": 1
}